id,parent
1,Cesar
2,Brandon
3,Molly
4,Mathew
5,Gabrielle
6,Chloe
7,Harmony
8,Lia
9,Brandi
10,Carson
11,Maria
12,Logan
13,Kelton David
14,Xavier
15,Katrina
16,Doan Anh
17,Emily
18,Steven
19,Charlotte
20,Angel
21,Rachel
22,Evan
23,Rushdi
24,Mackenzie
25,Rabi
26,Brooks
27,Tre
28,Manaal
29,Kirsten
30,Sameeha
31,Cannon
32,Anamaria
33,Angelica
34,Heddie
35,Jenny
36,Genevieve
37,Jack
38,Nicholas
39,Na'Inoa
40,Alanna
41,Brittany
42,Muslim
43,Shayla
44,Ignatius
45,Christopher
46,Celistina
47,Eric
48,Zakkary
49,Caigen
50,Mikayla
51,Julia
52,Kyra
53,Minnah
54,Stefanie
55,Trae
56,Julianna
57,Anwar
58,Justice
59,Grant
60,Iyonna
61,Alfonso
62,James
63,Tyler
64,Janae
65,Kelly
66,Kacey
67,Rachelee
68,Jade
69,Kari
70,Morgan
71,Hannah
72,Ilhaam
73,Timothy
74,Fransiscus
75,Stevie
76,Kassandra
77,Dakota
78,Taylor
79,Damian
80,Emilio
81,Ty
82,Julianna
83,Alisha
84,Angelina
85,Ken
86,Badri
87,Jackson
88,Guadalupe
89,Jamal
90,Baheej
91,Alexandra
92,Estela
93,Jackson
94,Lukas
95,Matthew
96,Dominic
97,Angelica
98,Andrew
99,Ihaab
100,Jalen
101,Devin
102,Bryce
103,Breana
104,Dayveontay
105,Ashley
106,Friedrich
107,John
108,Badruddeen
109,Ladan
110,Tayyib
111,Milton
112,Sarah
113,Rashele
114,Jacob
115,Mustaba
116,Kamrin
117,Brittany
118,Zachary
119,Cheyenne
120,Maya
121,Hannah
122,Richard
123,Joshua
124,Madalyn
125,Mastoor
126,Frederick
127,Roselyn
128,Kyle
129,Trey
130,Waatiq
131,Edgar
132,Karen
133,Ryan
134,Guadalupe
135,Mechale
136,Aasim
137,Jaime
138,Jacob
139,Rebecca
140,Carmela
141,John
142,Smokey
143,Rickia
144,Lois
145,Tyrel
146,Khoa
147,Cynthia
148,Izzat
149,Gilberto
150,Dominique
151,Pamela
152,Yadira
153,Kaitlyn
154,Jordan
155,Haley
156,Britney
157,Jordan
158,Stephvon
159,Saabira
160,Kiara
161,Tyler
162,Justen
163,Bethany
164,Matthew
165,Faarooq
166,Michelle
167,Taylor
168,Braxton
169,Sierra
170,Imani
171,Brittany
172,Brandon
173,Audrey
174,David
175,Maia
176,Matthew
177,Damien
178,Charlene
179,Joshua
180,David
181,Lance
182,Sydney
183,Tahma
184,Turfa
185,Sarah
186,Kennedy
187,Jaquay
188,Jessica
189,Monique
190,Sumayya
191,Roshae
192,Arissa
193,Niomi
194,Angelica
195,Daniel
196,Vilok
197,Stacie
198,Tyrin
199,Guillermo
200,Zayyaan
201,Maya
202,Junior
203,Ulysses
204,Chance
205,Mystic
206,Shontice
207,Sarah
208,Abdul Baasid
209,Gavriel
210,Lucas
211,Austin
212,Alexis
213,Bobbie
214,Nathan
215,Leslie
216,Charles
217,Lauren
218,Estefania
219,Baaqir
220,Kayla
221,Kathryn
222,Brandon
223,Terrance
224,Ana
225,Mahalia
226,Zoe
227,Afraah
228,Will
229,Juanita
230,Mckenzie
231,Wendy
232,Hawe
233,Vanessa
234,Gracie
235,Carlos
236,Alberto
237,Tyler
238,Yadira
239,Alexandria
240,Aliceia
241,Alexander
242,Raihaan
243,Tuan
244,Heather
245,Angelina
246,Hunter
247,Morgan
248,Jaelynn
249,Dontae
250,Crysta
251,Vanessa
252,Tyler
253,Raabiya
254,Colton
255,Maria
256,Joshua
257,Ashleigh
258,Ubaida
259,Ashley
260,Kateri
261,Randilyn
262,Leon
263,Edrick
264,Chase
265,Brandon
266,Deanna
267,Casandra
268,Usaama
269,Hamdi
270,Robert
271,Kevin
272,Nicholas
273,Theodore
274,Shelby
275,Adrena
276,Hasan
277,Sultan
278,Hailey
279,Danielle
280,Lindsey
281,Sara
282,Miguel
283,Marina
284,Shuraih
285,Alisha
286,Daniel
287,Demetrius
288,Shaafi
289,Baosan
290,Damon
291,Savannah
292,Haylie
293,Saeed
294,Kenny
295,Afraah
296,Nawaar
297,Rashad
298,Anna
299,Garett
300,Sandra
301,Kayanna
302,Ana
303,Katherine
304,Damian
305,Nashelle
306,Samantha
307,Faydra
308,Janelle
309,Amaya
310,Karen
311,Tamanna
312,Logan
313,Marisa
314,Chaerin
315,Jordan
316,Jeremy
317,Victoria
318,Jourdayn
319,Gabriella
320,Alexis
321,Almira
322,Asmaa
323,Saarang
324,Omar
325,Karin
326,Harold
327,Raul
328,Madison
329,Catherine
330,Kristopher
331,Wesley
332,Sandra
333,Mohamed
334,Fawzi
335,Brittany
336,Stephon
337,Shannon
338,Kelly
339,Taylor
340,Lucky
341,Lutfiyya
342,Amber
343,Jared
344,Waheeda
345,Emma
346,Ammaar
347,Nariah
348,Tiesha
349,Kyle
350,Charles
351,Samuel
352,Jessica
353,Elijah
354,Mason
355,Shane
356,Ricardo
357,Nbyee
358,Nawwaara
359,Maya
360,Alyssa
361,Marwaan
362,Adjoa
363,Sara
364,Vanessa
365,Maya
366,Elizabeth
367,Tausolia
368,Eun-Ji
369,Saje
370,Christian
371,Si Hien
372,Nafeesa
373,Ramesh
374,Torey
375,Tyesha
376,Razeen
377,Faatin
378,Maurice
379,Shakeela
380,Hope
381,Sydney
382,Paisley
383,Isaac
384,Pearl
385,Brandon
386,Reilly
387,Rutaiba
388,Asashia
389,Vanesa
390,Tawfeeq
391,Najiyya
392,Martin
393,Jordan
394,Cesar
395,Lutfiyya
396,Vincent
397,Mariah
398,Alec
399,Kiante
400,Vianey
401,Michael
402,Katherine
403,Alexander
404,Thomas
405,Tristian
406,Alejandra
407,Labeeb
408,Grace
409,Roman
410,Taylor
411,Jalynn
412,Alexander
413,Alicia
414,Shakeel
415,Carrell
416,Kylejon
417,Miranda
418,Aileen
419,Musaaid
420,Jonothan
421,Mathias
422,Estefania
423,Kiara
424,Kelia
425,Dylan
426,Carl
427,Rhianna
428,Tayler
429,Danielle
430,Danielle
431,Angel
432,Mitchell
433,Steven
434,Alana
435,Juan
436,Aubrey
437,Saul
438,Edward
439,Kloe
440,Aasim
441,Christopher
442,Marvin
443,Aikeem
444,Amy
445,Umaira
446,Joshua
447,Dekota
448,Juan
449,Matthew
450,Mackenzie
451,Dominika
452,Shania
453,Luis
454,Kayla
455,Shaamila
456,Musfira
457,Niecy
458,Sergio
459,Tyler
460,Ben
461,Paul
462,Cesar
463,Christina
464,Harley
465,Jonathan
466,Saaliha
467,Aditya
468,Myong
469,Diana
470,Charisma
471,Kendra
472,Cristal
473,Thanh Huong
474,Huong
475,Kendra
476,Andrew
477,Destiny
478,Aadil
479,Elizabeth
480,Nakheel
481,Ronald
482,Masroora
483,Nichole
484,Mario
485,Waseema
486,Aliciagabriela
487,Abdul Hai
488,Toniosha
489,Ishaaq
490,Ameera
491,Zuhra
492,Kaitlyn
493,Marquise
494,Aireyonna
495,Nathan
496,Ashley
497,John-Wesley
498,Christian
499,Wesley
500,Daniel
501,Arrlando
502,Leandra
503,William
504,Prisca
505,Adilene
506,Rachael
507,Chelsey
508,Keith
509,Christopher
510,Adriana
511,Yosan
512,Michael
513,Brian
514,Analicia
515,Alyna
516,Jennifer
517,Tashina
518,Kyle
519,Haniyya
520,Isaac
521,Aujonte
522,Cassidy
523,Kayla
524,Traivon
525,Alisa
526,Tuan
527,Kaycee
528,Suhaa
529,Ammanda
530,Collin
531,Kai
532,Isabelle
533,Daniel
534,Ash
535,Karla
536,Qaaid
537,Celine
538,Breanna
539,Silvano
540,Aliceia
541,Rachel
542,Ronald
543,Deeana
544,Xavia
545,Amara
546,Bristi
547,Sean
548,Bailey
549,Shakoora
550,Najeeb
551,Londa
552,Sapphire
553,Kayla
554,Janet
555,Kevin
556,Lady
557,Alan
558,Intisaar
559,Nizaar
560,Elsa
561,Zachary
562,Alexander
563,Minkyung
564,Nuha
565,Lorna
566,Vanessa
567,Lexis
568,Michelle
569,Linda
570,Brenda
571,Madison
572,Shaddaad
573,Erkhes
574,Minh
575,Kaylea
576,Melissa
577,Khaleefa
578,Claudia
579,Hui
580,Melia
581,Lateefa
582,Jordahn
583,Chrissie
584,Juan Daniel
585,Justina
586,Brittanyclaire
587,Yienkha
588,Kameela
589,Giorgio
590,Taylor
591,Cora
592,Moriah
593,Shakeer
594,Vanessa
595,Dylan
596,Trent
597,Jakees
598,Willow
599,Beau
600,Abdul Kareem
601,Cody
602,Kendyl
603,Aidan
604,Kanchana
605,Shay
606,Katherine
607,Kelsey
608,Rawda
609,Suhaad
610,Andrea
611,Minuri
612,Saafiyya
613,Kahliya
614,Anthony
615,Michael
616,Bradley
617,Raheema
618,Jiair
619,Casey
620,Alexandria
621,Davis
622,Tina
623,Dustin
624,Badraan
625,Abdul Waahid
626,Tyrel
627,Tanisha
628,Ester
629,Seth
630,Travis
631,Nathaniel
632,Dominic
633,Justine
634,Emily
635,Kelly
636,Ashley
637,Evelyn
638,Kile
639,Carle Je
640,Ronnell
641,Tanay
642,Abigail
643,Trevon
644,Labeeb
645,Ali
646,Karla
647,Rafeeda
648,Manuel
649,Jameela
650,Manuelito
651,Amber
652,Tavares
653,Ashley
654,Andres
655,Anna
656,Emmanuel
657,Destiny
658,Daniel
659,Markkus
660,Amber
661,Michael
662,Torriane
663,Alethe
664,Keishawn
665,Shaakir
666,Ashlynnd
667,Nickolette
668,Mandy
669,Danielle
670,Frances
671,Leia
672,Athena
673,Tyree
674,Arafaat
675,Do
676,Caroline
677,Joel
678,Tran
679,Audrey
680,Rachel
681,De'On
682,Karen
683,Desiree
684,Jennifer
685,Shaakira
686,Taylor
687,Cameron
688,Holly
689,Charlene
690,Samuel
691,Peyton
692,Jordynne
693,Mariah
694,Sajiyya
695,Abdul Fattaah
696,Sarah
697,Autumn
698,Bruce
699,Maya
700,Tantai
701,Antwonn
702,Shafeeqa
703,Chance
704,David
705,Frank
706,Macey
707,Michelle
708,Madeleine
709,Nicholas
710,Gow Xhoua
711,Gregory
712,Jessie
713,Katerine
714,Adria
715,Rifat
716,Taqi
717,Ethan
718,Moises
719,Mara
720,Saabir
721,"Mu,Aawiya"
722,Weston
723,Naseera
724,Carson
725,Isabel
726,Jazzmin
727,Mariah
728,Nelisa
729,Davina
730,Layaali
731,Morgan
732,Fernanda
733,Paul
734,Adau
735,Richard
736,Ashante
737,Kristina
738,Pablo
739,Courtney
740,Mieisha
741,Christian
742,Mai
743,Ryan
744,Catherine
745,K'Sandra
746,Aiman
747,Mikalah
748,Joshua
749,Pedro
750,Anna
751,Steven
752,Austin
753,Erasmo
754,Alexander
755,Najeema
756,Mun
757,Katheryn
758,Mariah
759,Ana
760,Ayyoob
761,Jennifer
762,Nafeesa
763,April
764,Jarrade
765,Cole
766,Jingo
767,David
768,Lauren
769,Mariya
770,Sri
771,Ghaaziya
772,Summer
773,Hannah
774,Rian
775,Josef
776,Muhsin
777,Brandon
778,Hamsa
779,Kinsey
780,Sad
781,Mone'T
782,Sanakee
783,Ladonna
784,Ethan
785,Diana
786,Colby
787,Zachary
788,Kierra
789,Ciera
790,Daijon
791,Justin
792,Mitchell
793,Sarah
794,Albert
795,Abdul Kareem
796,Isaiah
797,Raafi
798,Eemoni
799,Mubashshir
800,Viviana