"","names","id"
"1","Marilu",1
"2","Derrick",2
"3","Taamir",3
"4","Zachary",4
"5","Claudia",5
"6","Mujda",6
"7","Taiseer",7
"8","David",8
"9","Allison",9
"10","Gloria",10
"11","Crystal",11
"12","Salmaan",12
"13","Aneesa",13
"14","Satya",14
"15","Kawkab",15
"16","Nara",16
"17","Joshua",17
"18","Trevon",18
"19","Ibrahim",19
"20","Gloria",20
"21","Luis",21
"22","Uwais",22
"23","Taylor",23
"24","Saamyia",24
"25","Geraldine",25
"26","Hali",26
"27","Tou",27
"28","Afraah",28
"29","Leonard",29
"30","Perla",30
"31","Ashley",31
"32","Geraun",32
"33","Behailu",33
"34","Waseem",34
"35","Evan",35
"36","Abigail",36
"37","Isaac",37
"38","Albert",38
"39","Elizabetha",39
"40","Mayyaada",40
"41","Abigail",41
"42","Jesse",42
"43","Ayyoob",43
"44","Ashley",44
"45","Kamiyanna",45
"46","Carlos",46
"47","Charley",47
"48","Tiffany",48
"49","Brayden",49
"50","Julia",50
"51","Chante",51
"52","Doveena",52
"53","Sierra",53
"54","Cody",54
"55","Nicholas",55
"56","Jared",56
"57","Abdus Samad",57
"58","Colton",58
"59","Morgan",59
"60","Estanislado",60
"61","Caitlin",61
"62","Taylor",62
"63","Brian",63
"64","Jennifer",64
"65","Kursh",65
"66","Patrick",66
"67","Alex",67
"68","Phayd",68
"69","Garrett",69
"70","Jessica",70
"71","Abdul Jaleel",71
"72","Ilhaam",72
"73","Kurt",73
"74","Abdul Wadood",74
"75","Dawson",75
"76","Ruqayya",76
"77","Deaijah",77
"78","Monique",78
"79","Rebecca",79
"80","Julia",80
"81","Simone",81
"82","Isamar",82
"83","Asmaa",83
"84","Yusri",84
"85","Abdur Raqeeb",85
"86","Cole",86
"87","Destiny",87
"88","Charlie",88
"89","Abdul Haleem",89
"90","Joshua",90
"91","Fawqiyya",91
"92","Kyle",92
"93","Zainuddeen",93
"94","Arlene",94
"95","Melina",95
"96","Elizabeth",96
"97","Jesse",97
"98","Baheej",98
"99","Sulama",99
"100","Carolyn",100
"101","Abdul Noor",101
"102","Khairiya",102
"103","Kaleem",103
"104","Vincent",104
"105","Alexus",105
"106","Alexandria",106
"107","Sergio",107
"108","Mundhir",108
"109","Samantha",109
"110","Quinton",110
"111","Zuhaira",111
"112","Isaiah",112
"113","Tre",113
"114","Oshay",114
"115","Christopher",115
"116","Lexandra",116
"117","Nathaniel",117
"118","Fareed",118
"119","Alexander",119
"120","Asmaa",120
"121","Leslie",121
"122","Bakar",122
"123","Adam",123
"124","Kayla",124
"125","Shaheed",125
"126","Emily",126
"127","Douglas",127
"128","Jacob",128
"129","Nazmiyya",129
"130","Daawood",130
"131","Winston",131
"132","Fawzaana",132
"133","Destinie",133
"134","Lea",134
"135","Jeremiah",135
"136","Ivan",136
"137","Emily",137
"138","Jay",138
"139","Juan",139
"140","Janea",140
"141","Iman",141
"142","Trey",142
"143","Faith",143
"144","Sulama",144
"145","Derrick",145
"146","Miqdaad",146
"147","Dominique",147
"148","Mubeena",148
"149","Kayla",149
"150","Jennifer",150
"151","Jorden",151
"152","Ritika",152
"153","Sannah",153
"154","Cyrus",154
"155","Lance",155
"156","Stephanie",156
"157","Thuy",157
"158","Naadiya",158
"159","Jahlysa",159
"160","Fidda",160
"161","Robel",161
"162","Fawzia",162
"163","Hien",163
"164","Kathleen",164
"165","Mahbooba",165
"166","Nicole",166
"167","Mariah",167
"168","Jennifer",168
"169","Sahar",169
"170","Haben",170
"171","Habeeba",171
"172","Jamaal",172
"173","David",173
"174","James",174
"175","Saevier",175
"176","Pariss",176
"177","Mitchell",177
"178","Alanna",178
"179","David",179
"180","Nicholas",180
"181","Aleea",181
"182","Tanisa",182
"183","Taishawn",183
"184","Ariana",184
"185","Nooriyya",185
"186","Ishaaq",186
"187","Ashleigh",187
"188","Alvaro",188
"189","Wanbli",189
"190","Qin Qin",190
"191","Danait",191
"192","Aundrea",192
"193","Raul",193
"194","Masinde",194
"195","Shyloah",195
"196","Zoe",196
"197","Timothy",197
"198","Catherine",198
"199","Lupita",199
"200","Stephanie",200
"201","Hanoona",201
"202","Randy",202
"203","Zumruda",203
"204","Shaynee",204
"205","James",205
"206","Brittany",206
"207","Abdur Rasheed",207
"208","Jaideep",208
"209","Daifallah",209
"210","Haitham",210
"211","Seferina",211
"212","Andrew",212
"213","Amos",213
"214","Sharaf",214
"215","Jacey",215
"216","Rayven",216
"217","Felipe De",217
"218","Aric",218
"219","Alfonso",219
"220","Qais",220
"221","Huraira",221
"222","Dhareef",222
"223","Corey",223
"224","Alexandra",224
"225","Langston",225
"226","Bianca",226
"227","Kayla",227
"228","Amanda",228
"229","Elizabeth",229
"230","Christopher",230
"231","Jacob",231
"232","Cante",232
"233","Jade",233
"234","Chantelle",234
"235","Taqi",235
"236","Dukano",236
"237","Victoria",237
"238","Labeeb",238
"239","Ruth",239
"240","Chrisandra",240
"241","Eilish",241
"242","Azmi",242
"243","Valeria",243
"244","Michael",244
"245","Kaile",245
"246","Davis",246
"247","Abdul Baari",247
"248","Louis",248
"249","Kevin",249
"250","Seiko",250
"251","Kimberlee",251
"252","Gracie",252
"253","Phu",253
"254","Hanlala",254
"255","Rohith",255
"256","Tianna",256
"257","Marc",257
"258","Iliana",258
"259","Terry",259
"260","Haniyya",260
"261","Samantha",261
"262","Abdul Jaleel",262
"263","Shanelle",263
"264","Amanda",264
"265","Mark",265
"266","Kuhu",266
"267","Daniel",267
"268","Najiyya",268
"269","Sage",269
"270","David",270
"271","Marisa",271
"272","Callie",272
"273","Kenedrick",273
"274","Deonte",274
"275","Annemarie",275
"276","Trayvon",276
"277","Sarah",277
"278","Jacob",278
"279","Frederica",279
"280","Hailey",280
"281","Madeline",281
"282","Shania",282
"283","Jayson",283
"284","Matthew",284
"285","Jasmine",285
"286","Fawwaaz",286
"287","Ibrahim",287
"288","Aasim",288
"289","Omar",289
"290","Isaac",290
"291","Ariyya",291
"292","Briana",292
"293","Nicholas",293
"294","Katja",294
"295","Racya",295
"296","Juliana",296
"297","Silvano",297
"298","Samuel",298
"299","Mikaela",299
"300","Courtney",300
"301","Keisha",301
"302","Ghaali",302
"303","Quenon",303
"304","Ameen",304
"305","Ayana",305
"306","Briana",306
"307","Brandon",307
"308","Esther",308
"309","Brenden",309
"310","Tamara",310
"311","Quinton",311
"312","Huwaida",312
"313","Sajaa",313
"314","Caylyn",314
"315","Jubair",315
"316","Marisa",316
"317","Jose",317
"318","Zuriko",318
"319","Muzaina",319
"320","Allyson",320
"321","David",321
"322","James",322
"323","Rachel",323
"324","Sylvia",324
"325","Brandi",325
"326","Bethany",326
"327","David",327
"328","Alan",328
"329","Marina",329
"330","Wajdiyya",330
"331","Connor",331
"332","Christopher",332
"333","Briana",333
"334","Ignacio",334
"335","Zach",335
"336","Waajida",336
"337","Emily",337
"338","Timothy",338
"339","Tareefa",339
"340","Allison",340
"341","Sara",341
"342","Juan",342
"343","Aarifa",343
"344","Erik",344
"345","Stephanie",345
"346","Jayda",346
"347","Carrie",347
"348","Sarah",348
"349","Cameron",349
"350","Tianna",350
"351","Gurinder",351
"352","Thien Thanh",352
"353","Philip",353
"354","Hissa",354
"355","Jazzmine",355
"356","Carolyn",356
"357","Danvy",357
"358","Autumn",358
"359","Kevin",359
"360","Jeremiah",360
"361","Masaki",361
"362","Nancy",362
"363","Dennis",363
"364","Farhaana",364
"365","Kenneth",365
"366","Dylan",366
"367","Francisco",367
"368","Arturo",368
"369","Jerome",369
"370","Jonathan",370
"371","Cyanna",371
"372","Thaamir",372
"373","Sarah",373
"374","Gregory",374
"375","Levi",375
"376","Nehemiah",376
"377","Bailey",377
"378","Charisha",378
"379","Elisa",379
"380","Michael",380
"381","Waheeba",381
"382","Karleina",382
"383","Kevin",383
"384","Ce'Vonn",384
"385","Levi",385
"386","Stephanie",386
"387","Eshu",387
"388","Shakoora",388
"389","Habeeba",389
"390","Waddaah",390
"391","Ryan",391
"392","Max",392
"393","Kelsie",393
"394","Erik",394
"395","Que",395
"396","Marcus",396
"397","Ariana",397
"398","Bryan",398
"399","Janice",399
"400","Khaira",400
"401","Charisha",401
"402","Isaiah",402
"403","Karthik",403
"404","Jing",404
"405","Herman",405
"406","Carrie",406
"407","Charlie",407
"408","Andrea",408
"409","Aadam",409
"410","Christina",410
"411","Autumn",411
"412","Munir",412
"413","Brett",413
"414","Stuart",414
"415","Nathan",415
"416","Anna",416
"417","Tareefa",417
"418","Jordahn",418
"419","Sahla",419
"420","Kalynne",420
"421","Kanae",421
"422","Mariah",422
"423","Shamaail",423
"424","Haley",424
"425","Bryan",425
"426","Devika",426
"427","Jesse",427
"428","Michell",428
"429","Luis",429
"430","Jason",430
"431","Nicholas",431
"432","Condeladio",432
"433","Fawz",433
"434","Makenzie",434
"435","Jacey",435
"436","Fateena",436
"437","Aaida",437
"438","Micaela",438
"439","James",439
"440","Tanandorn",440
"441","Christopher",441
"442","Tyeshia",442
"443","Jeffrey",443
"444","Abdullahi",444
"445","Ismaeel",445
"446","Trevon",446
"447","Pelle",447
"448","Layhat",448
"449","Lutfi",449
"450","Bassil",450
"451","Kacey",451
"452","Sukaina",452
"453","Theresa",453
"454","D'Von",454
"455","Maria",455
"456","Jamariah",456
"457","Gavin",457
"458","John",458
"459","Kayleigh",459
"460","Jesus",460
"461","Madeline",461
"462","Kevin",462
"463","Aarif",463
"464","Hiba",464
"465","Samantha",465
"466","Rifqa",466
"467","Lakeysha",467
"468","Jacob",468
"469","Boan",469
"470","Kammi",470
"471","Cody",471
"472","Allie",472
"473","Yoel",473
"474","Shahaada",474
"475","Injiya",475
"476","Ashley",476
"477","Collin",477
"478","Xitlalic",478
"479","William",479
"480","Gideon",480
"481","John",481
"482","Kelsey",482
"483","Anthonee",483
"484","Dakota",484
"485","Herman",485
"486","Qaaid",486
"487","Andrew",487
"488","Noel",488
"489","Katelyn",489
"490","Miguel-Angel",490
"491","Cheyenne",491
"492","Zuhriyaa",492
"493","Mai",493
"494","Muzna",494
"495","Kofi Akoi",495
"496","Jaime",496
"497","Jordyn",497
"498","Anthony",498
"499","Orilea",499
"500","Kevin",500
"501","Anthony",501
"502","Vanessa",502
"503","Addison",503
"504","Alyssa",504
"505","Channing",505
"506","Karlos",506
"507","Tijanay",507
"508","Rachel",508
"509","Ilse",509
"510","Lauren",510
"511","Katherine",511
"512","Reginald",512
"513","Haitham",513
"514","Toni",514
"515","Bryanna",515
"516","Percy",516
"517","Kelsey",517
"518","Soren",518
"519","Peter",519
"520","Shayna",520
"521","Anthony",521
"522","Samantha",522
"523","Austin",523
"524","Crystal",524
"525","Myles",525
"526","Halle",526
"527","Darian",527
"528","Ramzi",528
"529","Israel",529
"530","Collin",530
"531","Samantha",531
"532","Alexa",532
"533","Marissa",533
"534","Maranda",534
"535","Kevin",535
"536","Manuel",536
"537","Mariah",537
"538","Charles",538
"539","Adina",539
"540","Mary",540
"541","Juan",541
"542","Alex",542
"543","Teena",543
"544","Jordan",544
"545","Sarah",545
"546","Gerri",546
"547","Adrian",547
"548","Emily",548
"549","Virdiana",549
"550","Hakam",550
"551","Melissa",551
"552","Gaochazhong",552
"553","Dominique",553
"554","Cynthia",554
"555","Alana",555
"556","Adam",556
"557","Brandon",557
"558","Lucero Rubi",558
"559","Jacob",559
"560","Keenan",560
"561","Morgan",561
"562","Brandon",562
"563","Enrico",563
"564","Saamyya",564
"565","Victoria",565
"566","Samara",566
"567","Jeremy",567
"568","Andres",568
"569","Dominique",569
"570","Raphael",570
"571","Vuong",571
"572","Aqeela",572
"573","Nicolas",573
"574","Brenna",574
"575","George",575
"576","Hasnaa",576
"577","Megan",577
"578","Avery",578
"579","Sheldon",579
"580","Aisha",580
"581","Jose",581
"582","Kristiana",582
"583","Megan",583
"584","Sameera",584
"585","Caitlin",585
"586","Chance",586
"587","Elijah",587
"588","Jada",588
"589","David",589
"590","Micah",590
"591","Shonaja",591
"592","Brittanie",592
"593","Diana",593
"594","Joice",594
"595","Shanay",595
"596","Jacob",596
"597","Sedrick",597
"598","Sreya",598
"599","Tarik",599
"600","Andrew",600
"601","Mariah",601
"602","Nolan",602
"603","Nikolas",603
"604","Allison",604
"605","Dain",605
"606","Allissa",606
"607","Cristian",607
"608","Vanessa",608
"609","Nadeera",609
"610","Gabriel",610
"611","Nabeeh",611
"612","Portia",612
"613","Arkaan",613
"614","William",614
"615","Kathryn",615
"616","Azeeza",616
"617","Ronald",617
"618","Ismad",618
"619","Taran",619
"620","Cortney",620
"621","Christian",621
"622","Michael",622
"623","Shahla",623
"624","Ivory",624
"625","Renato",625
"626","Ny'Alahe",626
"627","Zaaid",627
"628","Kersten",628
"629","Sumayya",629
"630","Ashley",630
"631","Kelvin",631
"632","Lilia",632
"633","Megan",633
"634","Nicole",634
"635","Hagen",635
"636","Phillip",636
"637","Waleed",637
"638","Muna",638
"639","Sadeeda",639
"640","Labeeba",640
"641","Jessie",641
"642","Daniel",642
"643","Thomas",643
"644","Dante",644
"645","Megan",645
"646","Husain",646
"647","Jay",647
"648","Nicole",648
"649","Marible",649
"650","Brian",650
"651","Devon",651
"652","Rusty",652
"653","Jennifer",653
"654","Brittni",654
"655","Kenneth",655
"656","Kathleen",656
"657","Jane",657
"658","Kai",658
"659","Taylor",659
"660","Haaritha",660
"661","Mahdeeya",661
"662","Dontaye",662
"663","Alyssa",663
"664","Kaemon",664
"665","Jesus",665
"666","Jason",666
"667","Tiegen",667
"668","Taalib",668
"669","Misty",669
"670","Lily",670
"671","Morgan",671
"672","Dakota",672
"673","Natelle Rae",673
"674","Afeef",674
"675","Travon",675
"676","Justin",676
"677","Nicholas",677
"678","Waseef",678
"679","Cecilia",679
"680","Nevin",680
"681","Kimberly",681
"682","Larissa",682
"683","Alina",683
"684","Deshant",684
"685","Emily",685
"686","David",686
"687","Emily",687
"688","Mario",688
"689","Ashley",689
"690","Briana",690
"691","Rory",691
"692","Ronnie",692
"693","Antonio",693
"694","Christina",694
"695","Terry",695
"696","Mina",696
"697","Bria",697
"698","Celina",698
"699","Calanie",699
"700","Maazin",700
"701","Mariah",701
"702","Ranjan",702
"703","Kayle",703
"704","Nizaam",704
"705","Kingahnah",705
"706","Jacob",706
"707","Emanuel",707
"708","Lien",708
"709","Ryan",709
"710","Megan",710
"711","Isaac",711
"712","Tucker",712
"713","Sequana",713
"714","Sabrina",714
"715","Walter",715
"716","Geovana",716
"717","Maisoon",717
"718","Samantha",718
"719","Gina",719
"720","Navar",720
"721","Prettyboy",721
"722","Zebulon",722
"723","Wesley",723
"724","Khairiya",724
"725","Sarah",725
"726","Harmanpreet",726
"727","Saood",727
"728","Cameron",728
"729","Amanda",729
"730","Muneefa",730
"731","John",731
"732","Adyn",732
"733","Averie",733
"734","Simon",734
"735","Joshua",735
"736","Jayden",736
"737","Thomas",737
"738","Janell",738
"739","Danielle",739
"740","Tyesha",740
"741","Jessica",741
"742","Nuha",742
"743","Maya",743
"744","Alisha",744
"745","Sergio",745
"746","Baylee",746
"747","Kalika",747
"748","Luke",748
"749","Patrick",749
"750","Brianna",750
"751","Camille",751
"752","Genai",752
"753","Alexandria",753
"754","Jason",754
"755","Ugochukwu",755
"756","Chadron",756
"757","Maria",757
"758","Muneera",758
"759","Christina",759
"760","Kala",760
"761","Gabriel",761
"762","Nakheel",762
"763","Amniyya",763
"764","Azmi",764
"765","Daniel",765
"766","Katryn",766
"767","Meghan",767
"768","Fernando",768
"769","Jocelyn",769
"770","Israa",770
"771","Vanessa",771
"772","Michael",772
"773","Lucas",773
"774","Zuhra",774
"775","Kaitlyn",775
"776","Lindsay",776
"777","Humaina",777
"778","Diamond",778
"779","Jennifer",779
"780","Maria",780
"781","Claire",781
"782","Tia",782
"783","Jacob",783
"784","Joset",784
"785","Jesse",785
"786","Torrie",786
"787","Diane",787
"788","Brianna",788
"789","David",789
"790","Lindsey",790
"791","Isaiah",791
"792","Erica",792
"793","Eric",793
"794","Sanaaa",794
"795","Rich",795
"796","Billy",796
"797","Natalie",797
"798","Sakeena",798
"799","Celeste",799
"800","Trenton",800
